,Código Departamento,Departamento,Municipio,Tasa
5001,5,ANTIOQUIA,MEDELLIN,0.8333333333333334
5002,5,ANTIOQUIA,ABEJORRAL,0.3333333333333333
5004,5,ANTIOQUIA,ABRIAQUI,0.5
5021,5,ANTIOQUIA,ALEJANDRIA,0.3333333333333333
5030,5,ANTIOQUIA,AMAGA,0.16666666666666666
5031,5,ANTIOQUIA,AMALFI,3.5
5034,5,ANTIOQUIA,ANDES,2.5
5038,5,ANTIOQUIA,ANGOSTURA,0.16666666666666666
5040,5,ANTIOQUIA,ANORI,1.5
5042,5,ANTIOQUIA,ANTIOQUIA,0.3333333333333333
5044,5,ANTIOQUIA,ANZA,0.16666666666666666
5045,5,ANTIOQUIA,APARTADO,5.333333333333333
5051,5,ANTIOQUIA,ARBOLETES,3.5
5055,5,ANTIOQUIA,ARGELIA,0.6666666666666666
5079,5,ANTIOQUIA,BARBOSA,0.16666666666666666
5088,5,ANTIOQUIA,BELLO,0.16666666666666666
5091,5,ANTIOQUIA,BETANIA,0.3333333333333333
5093,5,ANTIOQUIA,BETULIA,1.5
5101,5,ANTIOQUIA,BOLIVAR,2.1666666666666665
5107,5,ANTIOQUIA,BRICENO,1.0
5113,5,ANTIOQUIA,BURITICA,0.16666666666666666
5120,5,ANTIOQUIA,CACERES,2.3333333333333335
5129,5,ANTIOQUIA,CALDAS,0.3333333333333333
5134,5,ANTIOQUIA,CAMPAMENTO,1.0
5142,5,ANTIOQUIA,CARACOLI,0.16666666666666666
5147,5,ANTIOQUIA,CAREPA,2.1666666666666665
5150,5,ANTIOQUIA,CAROLINA,0.3333333333333333
5154,5,ANTIOQUIA,CAUCASIA,1.5
5172,5,ANTIOQUIA,CHIGORODO,3.0
5190,5,ANTIOQUIA,CISNEROS,0.16666666666666666
5197,5,ANTIOQUIA,COCORNA,1.1666666666666667
5209,5,ANTIOQUIA,CONCORDIA,1.1666666666666667
5212,5,ANTIOQUIA,COPACABANA,0.16666666666666666
5234,5,ANTIOQUIA,DABEIBA,1.6666666666666667
5240,5,ANTIOQUIA,EBEJICO,0.6666666666666666
5250,5,ANTIOQUIA,EL BAGRE,5.666666666666667
5266,5,ANTIOQUIA,ENVIGADO,0.16666666666666666
5284,5,ANTIOQUIA,FRONTINO,2.1666666666666665
5308,5,ANTIOQUIA,GIRARDOTA,0.16666666666666666
5310,5,ANTIOQUIA,GOMEZ PLATA,0.6666666666666666
5315,5,ANTIOQUIA,GUADALUPE,0.16666666666666666
5347,5,ANTIOQUIA,HELICONIA,0.5
5361,5,ANTIOQUIA,ITUANGO,0.6666666666666666
5364,5,ANTIOQUIA,JARDIN,0.3333333333333333
5380,5,ANTIOQUIA,LA ESTRELLA,0.16666666666666666
5425,5,ANTIOQUIA,MACEO,1.3333333333333333
5467,5,ANTIOQUIA,MONTEBELLO,0.16666666666666666
5475,5,ANTIOQUIA,MURINDO,2.8333333333333335
5480,5,ANTIOQUIA,MUTATA,3.6666666666666665
5483,5,ANTIOQUIA,NARIÃ‘O,0.5
5490,5,ANTIOQUIA,NECOCLI,8.833333333333334
5495,5,ANTIOQUIA,NECHI,3.8333333333333335
5576,5,ANTIOQUIA,PUEBLORRICO,0.16666666666666666
5579,5,ANTIOQUIA,PUERTO BERRIO,2.5
5585,5,ANTIOQUIA,PUERTO NARE (LA MAGDALENA ),0.5
5591,5,ANTIOQUIA,PUERTO TRIUNFO,1.3333333333333333
5604,5,ANTIOQUIA,REMEDIOS,2.5
5607,5,ANTIOQUIA,RETIRO,0.16666666666666666
5615,5,ANTIOQUIA,RIONEGRO,0.16666666666666666
5628,5,ANTIOQUIA,SABANALARGA,0.3333333333333333
5631,5,ANTIOQUIA,SABANETA,0.16666666666666666
5642,5,ANTIOQUIA,SALGAR,0.8333333333333334
5649,5,ANTIOQUIA,SAN CARLOS,1.6666666666666667
5652,5,ANTIOQUIA,SAN FRANCISCO,0.5
5656,5,ANTIOQUIA,SAN JERONIMO,0.16666666666666666
5659,5,ANTIOQUIA,SAN JUAN DE URABA,2.6666666666666665
5660,5,ANTIOQUIA,SAN LUIS,2.0
5665,5,ANTIOQUIA,SAN PEDRO DE URABA,3.5
5667,5,ANTIOQUIA,SAN RAFAEL,1.8333333333333333
5670,5,ANTIOQUIA,SAN ROQUE,2.6666666666666665
5679,5,ANTIOQUIA,SANTA BARBARA,0.16666666666666666
5686,5,ANTIOQUIA,SANTA ROSA DE OSOS,0.8333333333333334
5690,5,ANTIOQUIA,SANTO DOMINGO,0.6666666666666666
5736,5,ANTIOQUIA,SEGOVIA,1.8333333333333333
5756,5,ANTIOQUIA,SONSON,0.16666666666666666
5761,5,ANTIOQUIA,SOPETRAN,0.3333333333333333
5790,5,ANTIOQUIA,TARAZA,3.0
5837,5,ANTIOQUIA,TURBO,9.5
5842,5,ANTIOQUIA,URAMITA,0.16666666666666666
5847,5,ANTIOQUIA,URRAO,1.5
5854,5,ANTIOQUIA,VALDIVIA,5.333333333333333
5858,5,ANTIOQUIA,VEGACHI,1.0
5861,5,ANTIOQUIA,VENECIA,0.16666666666666666
5873,5,ANTIOQUIA,VIGIA DEL FUERTE,0.8333333333333334
5885,5,ANTIOQUIA,YALI,0.6666666666666666
5887,5,ANTIOQUIA,YARUMAL,1.3333333333333333
5890,5,ANTIOQUIA,YOLOMBO,3.1666666666666665
5893,5,ANTIOQUIA,YONDO (CASABE),1.5
5895,5,ANTIOQUIA,ZARAGOZA,2.8333333333333335
8001,8,ATLANTICO,BARRANQUILLA,2.1666666666666665
8078,8,ATLANTICO,BARANOA,2.3333333333333335
8137,8,ATLANTICO,CAMPO DE LA CRUZ,0.5
8141,8,ATLANTICO,CANDELARIA,0.3333333333333333
8296,8,ATLANTICO,GALAPA,2.3333333333333335
8421,8,ATLANTICO,LURUACO,0.3333333333333333
8433,8,ATLANTICO,MALAMBO,1.8333333333333333
8436,8,ATLANTICO,MANATI,1.0
8520,8,ATLANTICO,PALMAR DE VARELA,1.8333333333333333
8549,8,ATLANTICO,PIOJO,0.5
8558,8,ATLANTICO,POLO NUEVO,0.5
8560,8,ATLANTICO,PONEDERA,1.1666666666666667
8573,8,ATLANTICO,PUERTO COLOMBIA,1.0
8606,8,ATLANTICO,REPELON,0.8333333333333334
8634,8,ATLANTICO,SABANAGRANDE,0.3333333333333333
8638,8,ATLANTICO,SABANALARGA,4.166666666666667
8685,8,ATLANTICO,SANTO TOMAS,1.3333333333333333
8758,8,ATLANTICO,SOLEDAD,0.8333333333333334
8832,8,ATLANTICO,TUBARA,1.5
8849,8,ATLANTICO,USIACURI,1.3333333333333333
11001,11,BOGOTA,BOGOTA,0.3333333333333333
13001,13,BOLIVAR,CARTAGENA,4.833333333333333
13006,13,BOLIVAR,ACHI,0.8333333333333334
13030,13,BOLIVAR,ALTOS DEL ROSARIO,0.6666666666666666
13042,13,BOLIVAR,ARENAL,1.5
13052,13,BOLIVAR,ARJONA,3.1666666666666665
13074,13,BOLIVAR,BARRANCO DE LOBA,1.1666666666666667
13140,13,BOLIVAR,CALAMAR,0.3333333333333333
13160,13,BOLIVAR,CANTAGALLO,1.0
13188,13,BOLIVAR,CICUCO,0.16666666666666666
13222,13,BOLIVAR,CLEMENCIA,1.6666666666666667
13244,13,BOLIVAR,EL CARMEN DE BOLIVAR,5.5
13248,13,BOLIVAR,EL GUAMO,0.8333333333333334
13268,13,BOLIVAR,EL PEÃ‘ON,0.16666666666666666
13300,13,BOLIVAR,HATILLO DE LOBA,0.3333333333333333
13430,13,BOLIVAR,MAGANGUE,3.1666666666666665
13433,13,BOLIVAR,MAHATES,0.8333333333333334
13440,13,BOLIVAR,MARGARITA,0.16666666666666666
13442,13,BOLIVAR,MARIA LA BAJA,1.5
13458,13,BOLIVAR,MONTECRISTO,1.3333333333333333
13468,13,BOLIVAR,MOMPOS,1.6666666666666667
13473,13,BOLIVAR,MORALES,0.5
13490,13,BOLIVAR,NOROSÃŒ,1.0
13580,13,BOLIVAR,REGIDOR,0.3333333333333333
13600,13,BOLIVAR,RIO VIEJO,0.8333333333333334
13620,13,BOLIVAR,SAN CRISTOBAL,1.6666666666666667
13647,13,BOLIVAR,SAN ESTANISLAO,1.6666666666666667
13650,13,BOLIVAR,SAN FERNANDO,0.3333333333333333
13654,13,BOLIVAR,SAN JACINTO,2.6666666666666665
13655,13,BOLIVAR,SAN JACINTO DEL CAUCA,0.3333333333333333
13657,13,BOLIVAR,SAN JUAN NEPOMUCENO,2.8333333333333335
13667,13,BOLIVAR,SAN MARTIN DE LOBA,1.3333333333333333
13670,13,BOLIVAR,SAN PABLO,1.5
13673,13,BOLIVAR,SANTA CATALINA,0.5
13683,13,BOLIVAR,SANTA ROSA,0.8333333333333334
13688,13,BOLIVAR,SANTA ROSA DEL SUR,5.333333333333333
13744,13,BOLIVAR,SIMITI,0.5
13760,13,BOLIVAR,SOPLAVIENTO,0.5
13780,13,BOLIVAR,TALAIGUA NUEVO,0.6666666666666666
13810,13,BOLIVAR,TIQUISIO (PUERTO RICO),2.5
13836,13,BOLIVAR,TURBACO,1.1666666666666667
13838,13,BOLIVAR,TURBANA,0.8333333333333334
13873,13,BOLIVAR,VILLANUEVA,1.1666666666666667
13894,13,BOLIVAR,ZAMBRANO,0.8333333333333334
15109,15,BOYACA,BUENAVISTA,0.3333333333333333
15135,15,BOYACA,CAMPOHERMOSO,0.3333333333333333
15183,15,BOYACA,CHITA,0.16666666666666666
15223,15,BOYACA,CUBARA,4.333333333333333
15238,15,BOYACA,DUITAMA,0.16666666666666666
15322,15,BOYACA,GUATEQUE,0.16666666666666666
15377,15,BOYACA,LABRANZAGRANDE,0.6666666666666666
15442,15,BOYACA,MARIPI,0.5
15480,15,BOYACA,MUZO,0.16666666666666666
15507,15,BOYACA,OTANCHE,0.16666666666666666
15514,15,BOYACA,PAEZ,0.3333333333333333
15518,15,BOYACA,PAJARITO,0.16666666666666666
15572,15,BOYACA,PUERTO BOYACA,1.1666666666666667
15580,15,BOYACA,QUIPAMA,0.16666666666666666
15660,15,BOYACA,SAN EDUARDO,0.16666666666666666
15667,15,BOYACA,SAN LUIS DE GACENO,0.3333333333333333
15690,15,BOYACA,SANTA MARIA,0.16666666666666666
15755,15,BOYACA,SOCOTA,0.16666666666666666
15804,15,BOYACA,TIBANA,0.16666666666666666
15842,15,BOYACA,UMBITA,0.16666666666666666
15897,15,BOYACA,ZETAQUIRA,0.3333333333333333
17001,17,CALDAS,MANIZALES,0.16666666666666666
17013,17,CALDAS,AGUADAS,0.3333333333333333
17042,17,CALDAS,ANSERMA,0.3333333333333333
17174,17,CALDAS,CHINCHINA,0.6666666666666666
17272,17,CALDAS,FILADELFIA,0.16666666666666666
17380,17,CALDAS,LA DORADA,1.0
17433,17,CALDAS,MANZANARES,0.6666666666666666
17444,17,CALDAS,MARQUETALIA,0.6666666666666666
17446,17,CALDAS,MARULANDA,0.16666666666666666
17486,17,CALDAS,NEIRA,0.16666666666666666
17495,17,CALDAS,NORCASIA,0.3333333333333333
17513,17,CALDAS,PACORA,0.16666666666666666
17524,17,CALDAS,PALESTINA,0.16666666666666666
17541,17,CALDAS,PENSILVANIA,0.8333333333333334
17614,17,CALDAS,RIOSUCIO,0.5
17662,17,CALDAS,SAMANA,3.5
17665,17,CALDAS,SAN JOSE,0.3333333333333333
17777,17,CALDAS,SUPIA,0.5
17867,17,CALDAS,VICTORIA,0.3333333333333333
18001,18,CAQUETA,FLORENCIA,2.3333333333333335
18029,18,CAQUETA,ALBANIA,0.5
18094,18,CAQUETA,BELEN DE LOS ANDAQUIES,1.0
18150,18,CAQUETA,CARTAGENA DEL CHAIRA,4.333333333333333
18205,18,CAQUETA,CURILLO,0.8333333333333334
18247,18,CAQUETA,EL DONCELLO,0.5
18256,18,CAQUETA,EL PAUJIL,1.6666666666666667
18410,18,CAQUETA,LA MONTANITA,1.0
18460,18,CAQUETA,MILAN,1.1666666666666667
18592,18,CAQUETA,PUERTO RICO,2.1666666666666665
18610,18,CAQUETA,SAN JOSE DEL FRAGUA,0.8333333333333334
18753,18,CAQUETA,SAN VICENTE DEL CAGUAN,9.833333333333334
18785,18,CAQUETA,SOLITA,0.3333333333333333
18860,18,CAQUETA,VALPARAISO,0.6666666666666666
19001,19,CAUCA,POPAYAN,1.6666666666666667
19022,19,CAUCA,ALMAGUER,0.3333333333333333
19050,19,CAUCA,ARGELIA,0.16666666666666666
19075,19,CAUCA,BALBOA,0.5
19100,19,CAUCA,BOLIVAR,1.8333333333333333
19110,19,CAUCA,BUENOS AIRES,0.3333333333333333
19130,19,CAUCA,CAJIBIO,0.6666666666666666
19137,19,CAUCA,CALDONO,0.5
19142,19,CAUCA,CALOTO,0.16666666666666666
19212,19,CAUCA,CORINTO,0.16666666666666666
19256,19,CAUCA,EL TAMBO,2.6666666666666665
19318,19,CAUCA,GUAPI,0.3333333333333333
19355,19,CAUCA,INZA,0.3333333333333333
19364,19,CAUCA,JAMBALO,0.16666666666666666
19392,19,CAUCA,LA SIERRA,0.5
19397,19,CAUCA,LA VEGA,0.8333333333333334
19418,19,CAUCA,LOPEZ (MICAY),1.1666666666666667
19450,19,CAUCA,MERCADERES,1.0
19455,19,CAUCA,MIRANDA,0.6666666666666666
19473,19,CAUCA,MORALES,0.6666666666666666
19517,19,CAUCA,PAEZ,0.16666666666666666
19532,19,CAUCA,PATIA (EL BORDO),1.0
19533,19,CAUCA,PIAMONTE,1.3333333333333333
19548,19,CAUCA,PIENDAMO,1.0
19622,19,CAUCA,ROSAS,0.3333333333333333
19698,19,CAUCA,SANTANDER DE QUILICHAO,1.3333333333333333
19701,19,CAUCA,SANTA ROSA,0.16666666666666666
19780,19,CAUCA,SUAREZ,0.16666666666666666
19785,19,CAUCA,SUCRE,0.16666666666666666
19807,19,CAUCA,TIMBIO,1.3333333333333333
19809,19,CAUCA,TIMBIQUI,1.5
19821,19,CAUCA,TORIBIO,0.3333333333333333
19824,19,CAUCA,TOTORO,0.3333333333333333
20001,20,CESAR,VALLEDUPAR,6.0
20011,20,CESAR,AGUACHICA,6.666666666666667
20013,20,CESAR,AGUSTIN CODAZZI,3.3333333333333335
20032,20,CESAR,ASTREA,1.5
20045,20,CESAR,BECERRIL,2.3333333333333335
20060,20,CESAR,BOSCONIA,1.5
20175,20,CESAR,CHIMICHAGUA,2.5
20178,20,CESAR,CHIRIGUANA,2.1666666666666665
20228,20,CESAR,CURUMANI,3.8333333333333335
20238,20,CESAR,EL COPEY,3.3333333333333335
20250,20,CESAR,EL PASO,2.1666666666666665
20295,20,CESAR,GAMARRA,0.6666666666666666
20310,20,CESAR,GONZALEZ,1.1666666666666667
20383,20,CESAR,LA GLORIA,0.6666666666666666
20400,20,CESAR,LA JAGUA DE IBIRICO,5.666666666666667
20443,20,CESAR,MANAURE BALCON DEL CESAR,0.8333333333333334
20517,20,CESAR,PAILITAS,2.1666666666666665
20550,20,CESAR,PELAYA,2.0
20570,20,CESAR,PUEBLO BELLO,3.0
20614,20,CESAR,RIO DE ORO,2.1666666666666665
20621,20,CESAR,ROBLES (LA PAZ),1.6666666666666667
20710,20,CESAR,SAN ALBERTO,1.5
20750,20,CESAR,SAN DIEGO,2.0
20770,20,CESAR,SAN MARTIN,2.3333333333333335
20787,20,CESAR,TAMALAMEQUE,2.1666666666666665
23001,23,CORDOBA,MONTERIA,9.0
23068,23,CORDOBA,AYAPEL,0.8333333333333334
23079,23,CORDOBA,BUENAVISTA,0.8333333333333334
23090,23,CORDOBA,CANALETE,3.0
23162,23,CORDOBA,CERETE,2.5
23168,23,CORDOBA,CHIMA,0.5
23182,23,CORDOBA,CHINU,1.5
23189,23,CORDOBA,CIENAGA DE ORO,3.3333333333333335
23300,23,CORDOBA,COTORRA,1.1666666666666667
23417,23,CORDOBA,LORICA,2.0
23419,23,CORDOBA,LOS CORDOBAS,0.8333333333333334
23464,23,CORDOBA,MOMIL,0.3333333333333333
23466,23,CORDOBA,MONTELIBANO,2.1666666666666665
23500,23,CORDOBA,MOÃ‘ITOS,1.1666666666666667
23555,23,CORDOBA,PLANETA RICA,4.0
23570,23,CORDOBA,PUEBLO NUEVO,1.1666666666666667
23574,23,CORDOBA,PUERTO ESCONDIDO,0.8333333333333334
23580,23,CORDOBA,PUERTO LIBERTADOR,5.666666666666667
23586,23,CORDOBA,PURISIMA,0.6666666666666666
23660,23,CORDOBA,SAHAGUN,1.6666666666666667
23670,23,CORDOBA,SAN ANDRES SOTAVENTO,3.1666666666666665
23672,23,CORDOBA,SAN ANTERO,2.0
23675,23,CORDOBA,SAN BERNARDO DEL VIENTO,1.5
23678,23,CORDOBA,SAN CARLOS,1.0
23682,23,CORDOBA,SAN JOSE DE URE,0.6666666666666666
23686,23,CORDOBA,SAN PELAYO,0.8333333333333334
23807,23,CORDOBA,TIERRALTA,9.666666666666666
23815,23,CORDOBA,TUCHIN,1.1666666666666667
23855,23,CORDOBA,VALENCIA,4.333333333333333
25001,25,CUNDINAMARCA,AGUA DE DIOS,0.16666666666666666
25035,25,CUNDINAMARCA,ANAPOIMA,0.16666666666666666
25040,25,CUNDINAMARCA,ANOLAIMA,0.16666666666666666
25053,25,CUNDINAMARCA,ARBELAEZ,0.3333333333333333
25086,25,CUNDINAMARCA,BELTRAN,0.3333333333333333
25148,25,CUNDINAMARCA,CAPARRAPI,0.3333333333333333
25151,25,CUNDINAMARCA,CAQUEZA,0.6666666666666666
25168,25,CUNDINAMARCA,CHAGUANI,0.3333333333333333
25178,25,CUNDINAMARCA,CHIPAQUE,0.16666666666666666
25181,25,CUNDINAMARCA,CHOACHI,0.16666666666666666
25269,25,CUNDINAMARCA,FACATATIVA,0.16666666666666666
25279,25,CUNDINAMARCA,FOMEQUE,0.16666666666666666
25290,25,CUNDINAMARCA,FUSAGASUGA,0.6666666666666666
25293,25,CUNDINAMARCA,GACHALA,0.16666666666666666
25299,25,CUNDINAMARCA,GAMA,0.16666666666666666
25307,25,CUNDINAMARCA,GIRARDOT,0.16666666666666666
25320,25,CUNDINAMARCA,GUADUAS,0.6666666666666666
25324,25,CUNDINAMARCA,GUATAQUI,0.16666666666666666
25328,25,CUNDINAMARCA,GUAYABAL DE SIQUIMA,0.16666666666666666
25335,25,CUNDINAMARCA,GUAYABETAL,0.3333333333333333
25368,25,CUNDINAMARCA,JERUSALEN,0.16666666666666666
25386,25,CUNDINAMARCA,LA MESA,0.16666666666666666
25402,25,CUNDINAMARCA,LA VEGA,0.3333333333333333
25438,25,CUNDINAMARCA,MEDINA,0.8333333333333334
25488,25,CUNDINAMARCA,NILO,1.3333333333333333
25518,25,CUNDINAMARCA,PAIME,0.3333333333333333
25530,25,CUNDINAMARCA,PARATEBUENO,1.6666666666666667
25572,25,CUNDINAMARCA,PUERTO SALGAR,0.6666666666666666
25580,25,CUNDINAMARCA,PULI,0.3333333333333333
25592,25,CUNDINAMARCA,QUEBRADANEGRA,0.16666666666666666
25594,25,CUNDINAMARCA,QUETAME,0.5
25599,25,CUNDINAMARCA,RAFAEL REYES (APULO),0.16666666666666666
25662,25,CUNDINAMARCA,SAN JUAN DE RIO SECO,0.3333333333333333
25718,25,CUNDINAMARCA,SASAIMA,0.16666666666666666
25743,25,CUNDINAMARCA,SILVANIA,0.16666666666666666
25815,25,CUNDINAMARCA,TOCAIMA,0.16666666666666666
25839,25,CUNDINAMARCA,UBALA,0.3333333333333333
25851,25,CUNDINAMARCA,UTICA,0.3333333333333333
25867,25,CUNDINAMARCA,VIANI,0.16666666666666666
25885,25,CUNDINAMARCA,YACOPI,0.6666666666666666
27001,27,CHOCO,QUIBDO,5.5
27006,27,CHOCO,ACANDI,1.5
27025,27,CHOCO,ALTO BAUDO (PIE DE PATO),1.8333333333333333
27050,27,CHOCO,ATRATO,0.8333333333333334
27073,27,CHOCO,BAGADO,1.1666666666666667
27075,27,CHOCO,BAHIA SOLANO (MUTIS),0.3333333333333333
27077,27,CHOCO,BAJO BAUDO (PIZARRO),0.5
27086,27,CHOCO,BELÃ‰N DE BAJIRA,0.3333333333333333
27099,27,CHOCO,BOJAYA (BELLAVISTA),2.8333333333333335
27135,27,CHOCO,CANTON DE SAN PABLO (MANAGRU),0.3333333333333333
27150,27,CHOCO,CARMEN DEL DARIEN,5.0
27160,27,CHOCO,CERTEGUI,0.16666666666666666
27205,27,CHOCO,CONDOTO,0.16666666666666666
27250,27,CHOCO,LITORAL DEL BAJO SAN JUAN,1.5
27361,27,CHOCO,ITSMINA,0.6666666666666666
27372,27,CHOCO,JURADO,0.6666666666666666
27413,27,CHOCO,LLORO,1.1666666666666667
27450,27,CHOCO,MEDIO SAN JUAN,0.5
27491,27,CHOCO,NOVITA,0.8333333333333334
27495,27,CHOCO,NUQUI,1.5
27580,27,CHOCO,RIO IRO,0.8333333333333334
27600,27,CHOCO,RIOQUITO,0.6666666666666666
27615,27,CHOCO,RIOSUCIO,6.0
27660,27,CHOCO,SAN JOSE DEL PALMAR,1.3333333333333333
27745,27,CHOCO,SIPI,0.16666666666666666
27787,27,CHOCO,TADO,1.1666666666666667
27800,27,CHOCO,UNGUIA,0.6666666666666666
41001,41,HUILA,NEIVA,0.6666666666666666
41006,41,HUILA,ACEVEDO,2.5
41013,41,HUILA,AGRADO,0.16666666666666666
41020,41,HUILA,ALGECIRAS,1.5
41026,41,HUILA,ALTAMIRA,0.5
41132,41,HUILA,CAMPOALEGRE,0.5
41244,41,HUILA,ELIAS,0.16666666666666666
41298,41,HUILA,GARZON,0.8333333333333334
41306,41,HUILA,GIGANTE,2.0
41319,41,HUILA,GUADALUPE,1.0
41349,41,HUILA,HOBO,0.6666666666666666
41396,41,HUILA,LA PLATA,1.0
41503,41,HUILA,OPORAPA,0.6666666666666666
41524,41,HUILA,PALERMO,1.0
41530,41,HUILA,PALESTINA,1.6666666666666667
41548,41,HUILA,PITAL,0.16666666666666666
41551,41,HUILA,PITALITO,3.5
41615,41,HUILA,RIVERA,0.5
41660,41,HUILA,SALADOBLANCO,0.16666666666666666
41668,41,HUILA,SAN AGUSTIN,0.8333333333333334
41770,41,HUILA,SUAZA,1.8333333333333333
41791,41,HUILA,TARQUI,0.16666666666666666
41797,41,HUILA,TESALIA,0.16666666666666666
41799,41,HUILA,TELLO,0.8333333333333334
41801,41,HUILA,TERUEL,0.3333333333333333
41807,41,HUILA,TIMANA,2.3333333333333335
41872,41,HUILA,VILLAVIEJA,0.16666666666666666
41885,41,HUILA,YAGUARA,0.16666666666666666
44001,44,GUAJIRA,RIOHACHA,3.8333333333333335
44035,44,GUAJIRA,ALBANIA,2.3333333333333335
44078,44,GUAJIRA,BARRANCAS,2.0
44090,44,GUAJIRA,DIBULLA,2.1666666666666665
44098,44,GUAJIRA,DISTRACCION,0.3333333333333333
44110,44,GUAJIRA,EL MOLINO,0.6666666666666666
44279,44,GUAJIRA,FONSECA,1.1666666666666667
44378,44,GUAJIRA,HATONUEVO,0.8333333333333334
44420,44,GUAJIRA,LA JAGUA DEL PILAR,0.3333333333333333
44430,44,GUAJIRA,MAICAO,3.5
44560,44,GUAJIRA,MANAURE,0.3333333333333333
44650,44,GUAJIRA,SAN JUAN DEL CESAR,1.8333333333333333
44847,44,GUAJIRA,URIBIA,1.6666666666666667
44855,44,GUAJIRA,URUMITA,1.3333333333333333
44874,44,GUAJIRA,VILLANUEVA,1.1666666666666667
47001,47,MAGDALENA,SANTA MARTHA,4.333333333333333
47030,47,MAGDALENA,ALGARROBO,0.8333333333333334
47053,47,MAGDALENA,ARACATACA,3.0
47058,47,MAGDALENA,ARIGUANI (EL DIFICIL),1.0
47161,47,MAGDALENA,CERRO SAN ANTONIO,0.3333333333333333
47170,47,MAGDALENA,CHIVOLO,1.6666666666666667
47189,47,MAGDALENA,CIENAGA,3.1666666666666665
47205,47,MAGDALENA,CONCORDIA,0.3333333333333333
47245,47,MAGDALENA,EL BANCO,1.3333333333333333
47258,47,MAGDALENA,EL PIÃ‘ON,0.3333333333333333
47268,47,MAGDALENA,EL RETEN,1.5
47288,47,MAGDALENA,FUNDACION,2.6666666666666665
47318,47,MAGDALENA,GUAMAL,1.5
47460,47,MAGDALENA,NUEVA GRANADA,0.16666666666666666
47545,47,MAGDALENA,PIJIÃ‘O DEL CARMEN (PIJIÃ‘O),0.8333333333333334
47551,47,MAGDALENA,PIVIJAY,1.5
47555,47,MAGDALENA,PLATO,0.8333333333333334
47660,47,MAGDALENA,SABANAS DE SAN ANGEL,0.3333333333333333
47675,47,MAGDALENA,SALAMINA,0.6666666666666666
47692,47,MAGDALENA,SAN SEBASTIAN DE BUENAVISTA,0.5
47703,47,MAGDALENA,SAN ZENON,0.3333333333333333
47707,47,MAGDALENA,SANTA ANA,1.0
47720,47,MAGDALENA,SANTA BARBARA DE PINTO,0.5
47745,47,MAGDALENA,SITIO NUEVO,0.5
47798,47,MAGDALENA,TENERIFE,0.6666666666666666
47960,47,MAGDALENA,ZAPAYAN,0.3333333333333333
50001,50,META,VILLAVICENCIO,8.333333333333334
50006,50,META,ACACIAS,2.0
50110,50,META,BARRANCA DE UPIA,1.0
50124,50,META,CABUYARO,0.6666666666666666
50150,50,META,CASTILLA LA NUEVA,0.5
50223,50,META,CUBARRAL,0.3333333333333333
50226,50,META,CUMARAL,1.0
50251,50,META,EL CASTILLO,0.3333333333333333
50270,50,META,EL DORADO,0.3333333333333333
50287,50,META,FUENTE DE ORO,1.0
50313,50,META,GRANADA,2.6666666666666665
50318,50,META,GUAMAL,0.16666666666666666
50325,50,META,MAPIRIPAN,0.6666666666666666
50330,50,META,MESETAS,0.8333333333333334
50350,50,META,LA MACARENA,2.0
50370,50,META,LA URIBE,1.0
50400,50,META,LEJANIAS,0.3333333333333333
50450,50,META,PUERTO CONCORDIA,1.3333333333333333
50568,50,META,PUERTO GAITAN,2.3333333333333335
50573,50,META,PUERTO LOPEZ,3.1666666666666665
50577,50,META,PUERTO LLERAS,2.3333333333333335
50590,50,META,PUERTO RICO,2.0
50606,50,META,RESTREPO,0.5
50680,50,META,SAN CARLOS DE GUAROA,2.5
50683,50,META,SAN JUAN DE ARAMA,0.6666666666666666
50689,50,META,SAN MARTIN,2.1666666666666665
50711,50,META,VISTAHERMOSA,4.166666666666667
52019,52,NARIÑO,ALBAN (SAN JOSE),0.3333333333333333
52036,52,NARIÑO,ANCUYA,0.16666666666666666
52079,52,NARIÑO,BARBACOAS,1.0
52110,52,NARIÑO,BUESACO,0.6666666666666666
52250,52,NARIÑO,EL CHARCO,1.1666666666666667
52254,52,NARIÑO,EL PEÃ‘OL,0.16666666666666666
52256,52,NARIÑO,EL ROSARIO,0.16666666666666666
52260,52,NARIÑO,EL TAMBO,0.16666666666666666
52287,52,NARIÑO,FUNES,0.16666666666666666
52356,52,NARIÑO,IPIALES,0.16666666666666666
52378,52,NARIÑO,LA CRUZ,0.16666666666666666
52385,52,NARIÑO,LA LLANADA,0.16666666666666666
52390,52,NARIÑO,LA TOLA,0.16666666666666666
52399,52,NARIÑO,LA UNION,0.3333333333333333
52405,52,NARIÑO,LEIVA,0.6666666666666666
52411,52,NARIÑO,LINARES,0.16666666666666666
52418,52,NARIÑO,LOS ANDES (SOTOMAYOR),0.16666666666666666
52427,52,NARIÑO,MAGUI (PAYAN),0.5
52473,52,NARIÑO,MOSQUERA,0.16666666666666666
52490,52,NARIÑO,OLAYA HERRERA(BOCAS DE SATINGA,0.6666666666666666
52520,52,NARIÑO,FRANCISCO PIZARRO (SALAHONDA),0.5
52540,52,NARIÑO,POLICARPA,0.16666666666666666
52612,52,NARIÑO,RICAURTE,0.8333333333333334
52678,52,NARIÑO,SAMANIEGO,0.5
52683,52,NARIÑO,SANDONA,0.16666666666666666
52687,52,NARIÑO,SAN LORENZO,0.5
52699,52,NARIÑO,SANTA CRUZ (GUACHAVES),0.3333333333333333
52788,52,NARIÑO,TANGUA,0.16666666666666666
52835,52,NARIÑO,TUMACO,4.833333333333333
54001,54,NORTE SANTANDER,CUCUTA,5.833333333333333
54003,54,NORTE SANTANDER,ABREGO,3.6666666666666665
54051,54,NORTE SANTANDER,ARBOLEDAS,0.3333333333333333
54099,54,NORTE SANTANDER,BOCHALEMA,1.0
54109,54,NORTE SANTANDER,BUCARASICA,0.5
54128,54,NORTE SANTANDER,CACHIRA,0.6666666666666666
54172,54,NORTE SANTANDER,CHINACOTA,1.1666666666666667
54206,54,NORTE SANTANDER,CONVENCION,2.3333333333333335
54239,54,NORTE SANTANDER,DURANIA,1.0
54245,54,NORTE SANTANDER,EL CARMEN,3.8333333333333335
54250,54,NORTE SANTANDER,EL TARRA,5.166666666666667
54261,54,NORTE SANTANDER,EL ZULIA,3.8333333333333335
54313,54,NORTE SANTANDER,GRAMALOTE,0.5
54344,54,NORTE SANTANDER,HACARI,2.3333333333333335
54385,54,NORTE SANTANDER,LA ESPERANZA,0.6666666666666666
54398,54,NORTE SANTANDER,LA PLAYA,1.3333333333333333
54405,54,NORTE SANTANDER,LOS PATIOS,1.3333333333333333
54418,54,NORTE SANTANDER,LOURDES,0.3333333333333333
54498,54,NORTE SANTANDER,OCAÃ‘A,5.333333333333333
54520,54,NORTE SANTANDER,PAMPLONITA,0.3333333333333333
54553,54,NORTE SANTANDER,PUERTO SANTANDER,0.3333333333333333
54599,54,NORTE SANTANDER,RAGONVALIA,0.16666666666666666
54660,54,NORTE SANTANDER,SALAZAR,1.5
54670,54,NORTE SANTANDER,SAN CALIXTO,1.1666666666666667
54673,54,NORTE SANTANDER,SAN CAYETANO,0.5
54680,54,NORTE SANTANDER,SANTIAGO,0.16666666666666666
54720,54,NORTE SANTANDER,SARDINATA,2.5
54800,54,NORTE SANTANDER,TEORAMA,6.833333333333333
54810,54,NORTE SANTANDER,TIBU,11.333333333333334
54820,54,NORTE SANTANDER,TOLEDO,1.8333333333333333
54874,54,NORTE SANTANDER,VILLA DEL ROSARIO,1.1666666666666667
63001,63,QUINDIO,ARMENIA,0.5
63130,63,QUINDIO,CALARCA,0.5
63190,63,QUINDIO,CIRCASIA,0.5
63212,63,QUINDIO,CORDOBA,0.16666666666666666
63401,63,QUINDIO,LA TEBAIDA,0.3333333333333333
63470,63,QUINDIO,MONTENEGRO,0.3333333333333333
63548,63,QUINDIO,PIJAO,0.8333333333333334
63594,63,QUINDIO,QUIMBAYA,0.3333333333333333
66001,66,RISARALDA,PEREIRA,2.0
66045,66,RISARALDA,APIA,0.8333333333333334
66075,66,RISARALDA,BALBOA,0.16666666666666666
66088,66,RISARALDA,BELEN DE UMBRIA,0.16666666666666666
66170,66,RISARALDA,DOSQUEBRADAS,0.3333333333333333
66318,66,RISARALDA,GUATICA,0.5
66383,66,RISARALDA,LA CELIA,0.16666666666666666
66400,66,RISARALDA,LA VIRGINIA,0.16666666666666666
66456,66,RISARALDA,MISTRATO,1.6666666666666667
66572,66,RISARALDA,PUEBLO RICO,2.8333333333333335
66594,66,RISARALDA,QUINCHIA,0.16666666666666666
66682,66,RISARALDA,SANTA ROSA DE CABAL,0.3333333333333333
66687,66,RISARALDA,SANTUARIO,0.6666666666666666
68001,68,SANTANDER,BUCARAMANGA,1.0
68077,68,SANTANDER,BARBOSA,0.16666666666666666
68081,68,SANTANDER,BARRANCABERMEJA,7.0
68092,68,SANTANDER,BETULIA,0.5
68101,68,SANTANDER,BOLIVAR,0.16666666666666666
68190,68,SANTANDER,CIMITARRA,4.333333333333333
68209,68,SANTANDER,CONFINES,0.16666666666666666
68217,68,SANTANDER,COROMORO,0.16666666666666666
68229,68,SANTANDER,CURITI,0.16666666666666666
68235,68,SANTANDER,EL CARMEN DE CHUCURI,1.6666666666666667
68245,68,SANTANDER,EL GUACAMAYO,0.16666666666666666
68255,68,SANTANDER,EL PLAYON,2.0
68266,68,SANTANDER,ENCISO,0.3333333333333333
68271,68,SANTANDER,FLORIAN,0.16666666666666666
68276,68,SANTANDER,FLORIDABLANCA,0.5
68296,68,SANTANDER,GALAN,0.3333333333333333
68320,68,SANTANDER,GUADALUPE,0.3333333333333333
68322,68,SANTANDER,GUAPOTA,0.16666666666666666
68344,68,SANTANDER,HATO,0.16666666666666666
68377,68,SANTANDER,LA BELLEZA,0.3333333333333333
68385,68,SANTANDER,LANDAZURI,1.3333333333333333
68397,68,SANTANDER,LA PAZ,0.5
68406,68,SANTANDER,LEBRIJA,3.8333333333333335
68418,68,SANTANDER,LOS SANTOS,0.3333333333333333
68444,68,SANTANDER,MATANZA,0.16666666666666666
68500,68,SANTANDER,OIBA,0.16666666666666666
68502,68,SANTANDER,ONZAGA,0.16666666666666666
68524,68,SANTANDER,PALMAS SOCORRO,0.16666666666666666
68533,68,SANTANDER,PARAMO,0.16666666666666666
68547,68,SANTANDER,PIEDECUESTA,1.1666666666666667
68573,68,SANTANDER,PUERTO PARRA,0.3333333333333333
68575,68,SANTANDER,PUERTO WILCHES,1.6666666666666667
68615,68,SANTANDER,RIONEGRO,1.1666666666666667
68655,68,SANTANDER,SABANA DE TORRES,3.5
68679,68,SANTANDER,SAN GIL,0.3333333333333333
68684,68,SANTANDER,SAN JOSE DE MIRANDA,0.16666666666666666
68689,68,SANTANDER,SAN VICENTE DE CHUCURI,1.6666666666666667
68720,68,SANTANDER,SANTA HELENA DEL OPON,0.3333333333333333
68745,68,SANTANDER,SIMACOTA,0.3333333333333333
68755,68,SANTANDER,SOCORRO,0.3333333333333333
68770,68,SANTANDER,SUAITA,0.3333333333333333
68855,68,SANTANDER,VALLE DE SAN JOSE,0.3333333333333333
68895,68,SANTANDER,ZAPATOCA,0.16666666666666666
70001,70,SUCRE,SINCELEJO,5.833333333333333
70110,70,SUCRE,BUENAVISTA,0.3333333333333333
70124,70,SUCRE,CAIMITO,0.3333333333333333
70204,70,SUCRE,COLOSO (RICAURTE),0.6666666666666666
70215,70,SUCRE,COROZAL,0.5
70221,70,SUCRE,COVEÃ‘AS,1.1666666666666667
70230,70,SUCRE,CHALAN,0.3333333333333333
70233,70,SUCRE,EL ROBLE,0.6666666666666666
70235,70,SUCRE,GALERAS (NUEVA GRANADA),0.5
70265,70,SUCRE,GUARANDA,0.8333333333333334
70418,70,SUCRE,LOS PALMITOS,0.8333333333333334
70429,70,SUCRE,MAJAGUAL,1.3333333333333333
70473,70,SUCRE,MORROA,1.5
70508,70,SUCRE,OVEJAS,3.1666666666666665
70523,70,SUCRE,PALMITO,0.16666666666666666
70670,70,SUCRE,SAMPUES,0.8333333333333334
70678,70,SUCRE,SAN BENITO ABAD,0.5
70702,70,SUCRE,SAN JUAN DE BETULIA,0.5
70708,70,SUCRE,SAN MARCOS,2.0
70713,70,SUCRE,SAN ONOFRE,2.6666666666666665
70717,70,SUCRE,SAN PEDRO,0.6666666666666666
70771,70,SUCRE,SUCRE,0.5
70820,70,SUCRE,TOLU,1.3333333333333333
73001,73,TOLIMA,IBAGUE,1.0
73024,73,TOLIMA,ALPUJARRA,0.16666666666666666
73026,73,TOLIMA,ALVARADO,0.6666666666666666
73030,73,TOLIMA,AMBALEMA,0.16666666666666666
73043,73,TOLIMA,ANZOATEGUI,0.8333333333333334
73055,73,TOLIMA,ARMERO (GUAYABAL),0.5
73067,73,TOLIMA,ATACO,1.0
73124,73,TOLIMA,CAJAMARCA,0.16666666666666666
73148,73,TOLIMA,CARMEN DE APICALA,0.6666666666666666
73152,73,TOLIMA,CASABIANCA,0.5
73168,73,TOLIMA,CHAPARRAL,1.8333333333333333
73200,73,TOLIMA,COELLO,0.16666666666666666
73217,73,TOLIMA,COYAIMA,0.6666666666666666
73226,73,TOLIMA,CUNDAY,0.5
73236,73,TOLIMA,DOLORES,0.6666666666666666
73268,73,TOLIMA,ESPINAL,0.16666666666666666
73270,73,TOLIMA,FALAN,0.5
73275,73,TOLIMA,FLANDES,0.16666666666666666
73283,73,TOLIMA,FRESNO,1.3333333333333333
73319,73,TOLIMA,GUAMO,0.5
73347,73,TOLIMA,HERVEO,0.3333333333333333
73349,73,TOLIMA,HONDA,0.8333333333333334
73352,73,TOLIMA,ICONONZO,0.3333333333333333
73408,73,TOLIMA,LERIDA,0.5
73411,73,TOLIMA,LIBANO,1.1666666666666667
73443,73,TOLIMA,MARIQUITA,1.0
73449,73,TOLIMA,MELGAR,1.0
73483,73,TOLIMA,NATAGAIMA,0.16666666666666666
73504,73,TOLIMA,ORTEGA,1.6666666666666667
73555,73,TOLIMA,PLANADAS,0.3333333333333333
73563,73,TOLIMA,PRADO,0.6666666666666666
73585,73,TOLIMA,PURIFICACION,0.5
73616,73,TOLIMA,RIOBLANCO,0.6666666666666666
73622,73,TOLIMA,RONCESVALLES,0.16666666666666666
73624,73,TOLIMA,ROVIRA,0.5
73675,73,TOLIMA,SAN ANTONIO,0.16666666666666666
73678,73,TOLIMA,SAN LUIS,0.6666666666666666
73686,73,TOLIMA,SANTA ISABEL,0.16666666666666666
73770,73,TOLIMA,SUAREZ,0.16666666666666666
73854,73,TOLIMA,VALLE DE SAN JUAN,0.3333333333333333
73861,73,TOLIMA,VENADILLO,1.0
73870,73,TOLIMA,VILLAHERMOSA,0.5
76001,76,VALLE,CALI,1.3333333333333333
76036,76,VALLE,ANDALUCIA,0.16666666666666666
76041,76,VALLE,ANSERMANUEVO,0.3333333333333333
76054,76,VALLE,ARGELIA,0.16666666666666666
76100,76,VALLE,BOLIVAR,0.5
76109,76,VALLE,BUENAVENTURA,5.0
76111,76,VALLE,BUGA,0.16666666666666666
76113,76,VALLE,BUGALAGRANDE,0.16666666666666666
76126,76,VALLE,DARIEN,0.16666666666666666
76233,76,VALLE,DAGUA,1.0
76243,76,VALLE,EL AGUILA,0.16666666666666666
76246,76,VALLE,EL CAIRO,0.3333333333333333
76248,76,VALLE,EL CERRITO,0.16666666666666666
76275,76,VALLE,FLORIDA,0.5
76306,76,VALLE,GINEBRA,0.5
76318,76,VALLE,GUACARI,0.16666666666666666
76364,76,VALLE,JAMUNDI,1.0
76497,76,VALLE,OBANDO,0.16666666666666666
76520,76,VALLE,PALMIRA,1.0
76606,76,VALLE,RESTREPO,0.5
76736,76,VALLE,SEVILLA,0.16666666666666666
76828,76,VALLE,TRUJILLO,0.6666666666666666
76834,76,VALLE,TULUA,0.16666666666666666
76869,76,VALLE,VIJES,0.16666666666666666
76892,76,VALLE,YUMBO,0.3333333333333333
81001,81,ARAUCA,ARAUCA,4.666666666666667
81065,81,ARAUCA,ARAUQUITA,4.666666666666667
81220,81,ARAUCA,CRAVO NORTE,0.6666666666666666
81300,81,ARAUCA,FORTUL,1.0
81591,81,ARAUCA,PUERTO RONDON,1.3333333333333333
81736,81,ARAUCA,SARAVENA,3.3333333333333335
81794,81,ARAUCA,TAME,5.666666666666667
85001,85,CASANARE,YOPAL,3.3333333333333335
85010,85,CASANARE,AGUAZUL,1.0
85015,85,CASANARE,CHAMEZA,0.3333333333333333
85125,85,CASANARE,HATO COROZAL,1.1666666666666667
85139,85,CASANARE,MANI,1.0
85162,85,CASANARE,MONTERREY,0.6666666666666666
85225,85,CASANARE,NUNCHIA,2.5
85230,85,CASANARE,OROCUE,1.0
85250,85,CASANARE,PAZ DE ARIPORO,3.0
85263,85,CASANARE,PORE,1.5
85279,85,CASANARE,RECETOR,0.5
85300,85,CASANARE,SABANALARGA,0.16666666666666666
85315,85,CASANARE,SACAMA,0.8333333333333334
85325,85,CASANARE,SAN LUIS DE PALENQUE,1.0
85400,85,CASANARE,TAMARA,2.8333333333333335
85410,85,CASANARE,TAURAMENA,1.8333333333333333
85430,85,CASANARE,TRINIDAD,1.3333333333333333
85440,85,CASANARE,VILLANUEVA,1.1666666666666667
86001,86,PUTUMAYO,MOCOA,2.1666666666666665
86320,86,PUTUMAYO,ORITO,3.0
86568,86,PUTUMAYO,PUERTO ASIS,5.5
86569,86,PUTUMAYO,PUERTO CAICEDO,3.5
86571,86,PUTUMAYO,PUERTO GUZMAN,2.0
86573,86,PUTUMAYO,PUERTO LEGUIZAMO,1.6666666666666667
86757,86,PUTUMAYO,SAN MIGUEL (LA DORADA),1.6666666666666667
86865,86,PUTUMAYO,VALLE DEL GUAMUEZ,1.3333333333333333
86885,86,PUTUMAYO,VILLAGARZON,3.1666666666666665
91001,91,AMAZONAS,LETICIA,4.0
91540,91,AMAZONAS,PUERTO NARIÑO,2.3333333333333335
91798,91,AMAZONAS,TARAPACA (CD),0.5
94001,94,GUAINIA,PUERTO INIRIDA,0.8333333333333334
95001,95,GUAVIARE,SAN JOSE DEL GUAVIARE,4.0
95015,95,GUAVIARE,CALAMAR,2.1666666666666665
95025,95,GUAVIARE,EL RETORNO,2.6666666666666665
95200,95,GUAVIARE,MIRAFLORES,4.5
97001,97,VAUPES,MITU,3.6666666666666665
97161,97,VAUPES,CARURU,1.8333333333333333
97666,97,VAUPES,TARAIRA,0.6666666666666666
99001,99,VICHADA,PUERTO CARREÑO,1.6666666666666667
99524,99,VICHADA,LA PRIMAVERA,1.0
99624,99,VICHADA,SANTA ROSALIA,0.8333333333333334
99773,99,VICHADA,CUMARIBO,4.5
